<ImportExportXml xmlns:xsi="http://www.w3.org/2001/XMLSchema-instance">
  <Entities></Entities>
  <Roles></Roles>
  <Workflows>
    <Workflow WorkflowId="{3dece590-b12d-43fb-a59f-0a140561edd5}" Name="Send Email">
      <XamlFileName>/Workflows/SendEmail-3DECE590-B12D-43FB-A59F-0A140561EDD5.xaml</XamlFileName>
      <Type>1</Type>
      <Subprocess>0</Subprocess>
      <Category>3</Category>
      <Mode>0</Mode>
      <Scope>4</Scope>
      <OnDemand>1</OnDemand>
      <TriggerOnCreate>0</TriggerOnCreate>
      <TriggerOnDelete>0</TriggerOnDelete>
      <AsyncAutodelete>0</AsyncAutodelete>
      <SyncWorkflowLogOnFailure>1</SyncWorkflowLogOnFailure>
      <StateCode>1</StateCode>
      <StatusCode>2</StatusCode>
      <CreateStage>40</CreateStage>
      <RunAs>1</RunAs>
      <SdkMessageId>{9368ee07-c2e4-e611-80ef-005056ab79f3}</SdkMessageId>
      <UniqueName>SendEmail</UniqueName>
      <IsTransacted>1</IsTransacted>
      <IntroducedVersion>01.26.2017.01</IntroducedVersion>
      <IsCustomizable>1</IsCustomizable>
      <PrimaryEntity>none</PrimaryEntity>
    </Workflow>
  </Workflows>
  <FieldSecurityProfiles></FieldSecurityProfiles>
  <Templates />
  <EntityMaps />
  <EntityRelationships />
  <OrganizationSettings />
  <optionsets />
  <SolutionPluginAssemblies>
    <PluginAssembly FullName="KLITools.XRM.SendEmail, Version=1.0.0.0, Culture=neutral, PublicKeyToken=d231da45436250a2" CustomizationLevel="1">
      <IsolationMode>2</IsolationMode>
      <SourceType>0</SourceType>
      <IntroducedVersion>1.0</IntroducedVersion>
      <FileName>/PluginAssemblies/KLIToolsXRMSendEmail-AC401907-8190-4F8C-80A8-41C12CACB4A0/KLIToolsXRMSendEmail.dll</FileName>
      <PluginTypes>
        <PluginType AssemblyQualifiedName="KLITools.XRM.SendEmail.SendEmail, KLITools.XRM.SendEmail, Version=1.0.0.0, Culture=neutral, PublicKeyToken=d231da45436250a2" Name="KLITools.XRM.SendEmail.SendEmail">
          <FriendlyName>46744cf7-5bd3-4286-b7df-fee819d64303</FriendlyName>
          <WorkflowActivityGroupName>KLITools.XRM.SendEmail (1.0.0.0)</WorkflowActivityGroupName>
        </PluginType>
      </PluginTypes>
    </PluginAssembly>
  </SolutionPluginAssemblies>
  <Languages>
    <Language>1033</Language>
  </Languages>
</ImportExportXml>