<ImportExportXml xmlns:xsi="http://www.w3.org/2001/XMLSchema-instance">
  <Entities></Entities>
  <Roles></Roles>
  <Workflows>
    <Workflow WorkflowId="{5e9de0fc-45b6-4eb3-9790-b5a3b2bbc3e0}" Name="Send Email">
      <XamlFileName>/Workflows/SendEmail-5E9DE0FC-45B6-4EB3-9790-B5A3B2BBC3E0.xaml</XamlFileName>
      <Type>1</Type>
      <Subprocess>0</Subprocess>
      <Category>3</Category>
      <Mode>0</Mode>
      <Scope>4</Scope>
      <OnDemand>1</OnDemand>
      <TriggerOnCreate>0</TriggerOnCreate>
      <TriggerOnDelete>0</TriggerOnDelete>
      <AsyncAutodelete>0</AsyncAutodelete>
      <SyncWorkflowLogOnFailure>1</SyncWorkflowLogOnFailure>
      <StateCode>1</StateCode>
      <StatusCode>2</StatusCode>
      <CreateStage>40</CreateStage>
      <RunAs>1</RunAs>
      <SdkMessageId>{a9e6be0e-f8e3-e611-80f2-c4346bacebcc}</SdkMessageId>
      <UniqueName>SendEmail</UniqueName>
      <IsTransacted>1</IsTransacted>
      <IntroducedVersion>01.24.2017.01</IntroducedVersion>
      <IsCustomizable>1</IsCustomizable>
      <PrimaryEntity>none</PrimaryEntity>
    </Workflow>
  </Workflows>
  <FieldSecurityProfiles></FieldSecurityProfiles>
  <Templates />
  <EntityMaps />
  <EntityRelationships />
  <OrganizationSettings />
  <optionsets />
  <SolutionPluginAssemblies>
    <PluginAssembly FullName="KLITools.XRM.SendEmail, Version=1.0.0.0, Culture=neutral, PublicKeyToken=d231da45436250a2" CustomizationLevel="1">
      <IsolationMode>2</IsolationMode>
      <SourceType>0</SourceType>
      <IntroducedVersion>1.0</IntroducedVersion>
      <FileName>/PluginAssemblies/KLIToolsXRMSendEmail-B00CF64F-CE1C-4991-9C2C-5C54239C3A2C/KLIToolsXRMSendEmail.dll</FileName>
      <PluginTypes>
        <PluginType AssemblyQualifiedName="KLITools.XRM.SendEmail.SendEmail, KLITools.XRM.SendEmail, Version=1.0.0.0, Culture=neutral, PublicKeyToken=d231da45436250a2" Name="KLITools.XRM.SendEmail.SendEmail">
          <FriendlyName>f00a3304-218e-4195-b6e9-51f71a8f57ae</FriendlyName>
          <WorkflowActivityGroupName>KLITools.XRM.SendEmail (1.0.0.0)</WorkflowActivityGroupName>
        </PluginType>
      </PluginTypes>
    </PluginAssembly>
  </SolutionPluginAssemblies>
  <Languages>
    <Language>1033</Language>
  </Languages>
</ImportExportXml>